id,name,expected,actual,result
unit000,Unit 000,,,Pass
unit001,,Required,Required,Pass
,Unit 002,,,Pass
unit003,Unit 002,Organization unit name should be unique,Organization unit name should be unique,Pass
unit004,,Required,Required,Pass
unit005,Unit 005,,,Pass
unit006,,Required,Required,Pass
,Unit 007,,,Pass
unit008,Unit 005,Organization unit name should be unique,Organization unit name should be unique,Pass
unit009,Unit 000,Organization unit name should be unique,Organization unit name should be unique,Pass
unit010,Unit 010,,,Pass
